{"system_information": {"conditions": {"temperature": 273.15, "refractive_index": 1, "cutoff_radius": 1.1, "lattice": {"dimensions": [1000], "lattice_parameter": [1.0]}}, "lattice": {"dimensions": [1000], "lattice_parameter": [1.0]}, "orientation": "parallel", "type": "1d_ordered", "excitons": {"s1": ["centre"]}, "state_energies": {"gs": 0, "s1": 2.5}, "reorganization_energies": {"gs": 0, "s1": 0.7}, "transition_moment": [0.6, 0.0, 0.0]}, "trajectories": [{"time": [0.0, 0.9886681169421458, 2.1861320810645095, 2.360451689208667, 3.6544936350865598, 4.99425683422531, 6.1178515167355005, 6.347771954594574, 7.888827973948379, 8.640780693226834, 9.289888506246761, 10.541435588990227, 10.692697611923856, 11.446296212336298, 12.365387519000445, 12.93309716592514, 13.347283415060655, 13.382367711875322, 15.231530890383576, 15.609552151621646, 15.78460054520973, 18.626527197598147, 18.765291869320478, 19.2475830261089, 20.45250336691376, 21.14769794960942, 22.18595373572002, 22.742597722935436, 23.783953339493703, 23.863123256202627, 25.195095384379087, 26.28143783135574, 27.049288332591622, 27.70409039739172, 27.757600039843386, 28.62986243390548, 32.62212722482643, 33.963281600495634, 35.106079902911794, 35.38368894843532, 42.6243960991715, 43.47707418983513, 44.47170157888927, 44.682193605512566, 45.16633786971785, 45.79691585589698, 47.0093620166701, 48.51861636696295, 49.41282558872406, 50.45921470315559, 53.27180861958584, 53.913424621904504, 54.2240085708566, 54.80153311662196, 56.120348951430294, 56.53073458511812, 56.61731806712546, 57.00812245642133, 58.31744232099686, 63.11549013797481, 63.47713379337842, 63.49031462422249, 64.39095530541913, 64.46085652848834, 68.64755705053885, 68.73622099859199, 69.06734653692092, 69.92576761995352, 71.30266871507226, 72.84506482805281, 73.74414448953634, 74.90420829511922, 75.72900830599771, 80.68016711259314, 83.59569938701081, 84.12689412785659, 84.3808144163659, 85.13561701078189, 86.05011763615342, 86.56930505020786, 90.65800089487048, 90.68628596176248, 91.47680752129492, 93.96305738938156, 94.2098352177072, 94.674981424675, 96.24293933328568, 97.70279014036211, 97.99311990734472, 98.10632980786632, 98.83995104902594, 98.91624516317118, 100.68439161077819, 103.6579527818918, 106.57209436113517, 106.74743467943308, 107.52117123900446, 110.81314637592222, 110.92508672221459, 112.10173114702071, 112.8123321911983, 113.49978053966038, 115.41166892600069, 116.06025521929043, 119.31659725057847, 119.39529908496074, 121.04413338921155, 121.24052194365682, 121.9681732003071, 123.86781105118843, 125.42976716089065, 127.10473296483488, 127.22968041219002, 127.34828705241821, 128.57133608515983, 128.78395184930596, 131.4049803222762, 131.78056910497241, 132.51423836602575, 134.8792106429034, 136.26079063893388, 137.04184585711272, 137.32987722896377, 137.81173383228003, 138.14652531078573, 138.90627828946467, 140.01463413907317, 141.13532245364834, 141.16368190746934, 142.0164316781555, 143.79715064171924, 144.55874655792735, 145.35394790655087, 145.66242560352248, 146.17158462956326, 150.4446825352944, 150.7539417334428, 152.6471697591216, 152.78225119750275, 154.21501209728385, 154.99446132860436, 155.0728093529596, 155.43151045163717, 155.71584218018322, 156.28396159924128, 159.75573881510581, 159.9704559904713, 160.42254390830897, 160.73342871510346, 162.6736297270365, 164.05067521268228, 166.73070646850147, 167.31253702095907, 170.3081994766099, 170.4493721445922, 170.49466864366076, 171.56233916553893, 173.52418136396514, 174.446607263481, 174.63659524687236, 174.88039010895065, 177.58622000338715, 177.94857544965848, 178.19331027499038, 182.6193233873413, 182.75818422651116, 183.3854265399587, 184.06762384246824, 184.48765346792212, 185.12548271174646, 186.16880370442516, 186.38083363056458, 191.22361089489542, 191.78475216969517, 192.7712554669233, 192.8368077875796, 193.4960174066963, 197.13118620893823, 197.17137566700606, 197.24403265459543, 197.9147544236408, 198.0514187754875, 199.2878533461964, 199.41663065196678, 200.43736583759673, 202.63364242337983, 203.02495522281507, 203.17632909802455, 204.7029585195057, 204.72574480814615, 205.02698052791564, 205.6945538775535, 206.21468207939319, 206.3106514136274, 206.85239028217902, 206.87779102193852, 207.57463266577497, 207.63886452245558, 208.27595880212337, 208.35423626365758, 208.68528017907914], "n": [1, 1, 1, 1, 1, 1, 1, 1, 1, 1, 1, 1, 1, 1, 1, 1, 1, 1, 1, 1, 1, 1, 1, 1, 1, 1, 1, 1, 1, 1, 1, 1, 1, 1, 1, 1, 1, 1, 1, 1, 1, 1, 1, 1, 1, 1, 1, 1, 1, 1, 1, 1, 1, 1, 1, 1, 1, 1, 1, 1, 1, 1, 1, 1, 1, 1, 1, 1, 1, 1, 1, 1, 1, 1, 1, 1, 1, 1, 1, 1, 1, 1, 1, 1, 1, 1, 1, 1, 1, 1, 1, 1, 1, 1, 1, 1, 1, 1, 1, 1, 1, 1, 1, 1, 1, 1, 1, 1, 1, 1, 1, 1, 1, 1, 1, 1, 1, 1, 1, 1, 1, 1, 1, 1, 1, 1, 1, 1, 1, 1, 1, 1, 1, 1, 1, 1, 1, 1, 1, 1, 1, 1, 1, 1, 1, 1, 1, 1, 1, 1, 1, 1, 1, 1, 1, 1, 1, 1, 1, 1, 1, 1, 1, 1, 1, 1, 1, 1, 1, 1, 1, 1, 1, 1, 1, 1, 1, 1, 1, 1, 1, 1, 1, 1, 1, 1, 1, 1, 1, 1, 1, 1, 1, 1, 1, 1, 1, 1, 1, 0], "positions": [[[[1.0, 0.0, 0.0], "s1"]], [[[0.0, 0.0, 0.0], "s1"]], [[[-1.0, 0.0, 0.0], "s1"]], [[[-2.0, 0.0, 0.0], "s1"]], [[[-1.0, 0.0, 0.0], "s1"]], [[[0.0, 0.0, 0.0], "s1"]], [[[1.0, 0.0, 0.0], "s1"]], [[[2.0, 0.0, 0.0], "s1"]], [[[1.0, 0.0, 0.0], "s1"]], [[[2.0, 0.0, 0.0], "s1"]], [[[1.0, 0.0, 0.0], "s1"]], [[[2.0, 0.0, 0.0], "s1"]], [[[1.0, 0.0, 0.0], "s1"]], [[[0.0, 0.0, 0.0], "s1"]], [[[-1.0, 0.0, 0.0], "s1"]], [[[-2.0, 0.0, 0.0], "s1"]], [[[-3.0, 0.0, 0.0], "s1"]], [[[-4.0, 0.0, 0.0], "s1"]], [[[-5.0, 0.0, 0.0], "s1"]], [[[-6.0, 0.0, 0.0], "s1"]], [[[-7.0, 0.0, 0.0], "s1"]], [[[-6.0, 0.0, 0.0], "s1"]], [[[-7.0, 0.0, 0.0], "s1"]], [[[-6.0, 0.0, 0.0], "s1"]], [[[-5.0, 0.0, 0.0], "s1"]], [[[-4.0, 0.0, 0.0], "s1"]], [[[-3.0, 0.0, 0.0], "s1"]], [[[-2.0, 0.0, 0.0], "s1"]], [[[-1.0, 0.0, 0.0], "s1"]], [[[-2.0, 0.0, 0.0], "s1"]], [[[-3.0, 0.0, 0.0], "s1"]], [[[-2.0, 0.0, 0.0], "s1"]], [[[-1.0, 0.0, 0.0], "s1"]], [[[-2.0, 0.0, 0.0], "s1"]], [[[-1.0, 0.0, 0.0], "s1"]], [[[-2.0, 0.0, 0.0], "s1"]], [[[-1.0, 0.0, 0.0], "s1"]], [[[-2.0, 0.0, 0.0], "s1"]], [[[-3.0, 0.0, 0.0], "s1"]], [[[-2.0, 0.0, 0.0], "s1"]], [[[-1.0, 0.0, 0.0], "s1"]], [[[0.0, 0.0, 0.0], "s1"]], [[[1.0, 0.0, 0.0], "s1"]], [[[2.0, 0.0, 0.0], "s1"]], [[[3.0, 0.0, 0.0], "s1"]], [[[2.0, 0.0, 0.0], "s1"]], [[[1.0, 0.0, 0.0], "s1"]], [[[0.0, 0.0, 0.0], "s1"]], [[[1.0, 0.0, 0.0], "s1"]], [[[2.0, 0.0, 0.0], "s1"]], [[[3.0, 0.0, 0.0], "s1"]], [[[2.0, 0.0, 0.0], "s1"]], [[[1.0, 0.0, 0.0], "s1"]], [[[0.0, 0.0, 0.0], "s1"]], [[[1.0, 0.0, 0.0], "s1"]], [[[2.0, 0.0, 0.0], "s1"]], [[[3.0, 0.0, 0.0], "s1"]], [[[2.0, 0.0, 0.0], "s1"]], [[[3.0, 0.0, 0.0], "s1"]], [[[2.0, 0.0, 0.0], "s1"]], [[[1.0, 0.0, 0.0], "s1"]], [[[0.0, 0.0, 0.0], "s1"]], [[[1.0, 0.0, 0.0], "s1"]], [[[0.0, 0.0, 0.0], "s1"]], [[[-1.0, 0.0, 0.0], "s1"]], [[[-2.0, 0.0, 0.0], "s1"]], [[[-3.0, 0.0, 0.0], "s1"]], [[[-4.0, 0.0, 0.0], "s1"]], [[[-3.0, 0.0, 0.0], "s1"]], [[[-2.0, 0.0, 0.0], "s1"]], [[[-3.0, 0.0, 0.0], "s1"]], [[[-2.0, 0.0, 0.0], "s1"]], [[[-3.0, 0.0, 0.0], "s1"]], [[[-4.0, 0.0, 0.0], "s1"]], [[[-3.0, 0.0, 0.0], "s1"]], [[[-2.0, 0.0, 0.0], "s1"]], [[[-3.0, 0.0, 0.0], "s1"]], [[[-2.0, 0.0, 0.0], "s1"]], [[[-1.0, 0.0, 0.0], "s1"]], [[[0.0, 0.0, 0.0], "s1"]], [[[1.0, 0.0, 0.0], "s1"]], [[[2.0, 0.0, 0.0], "s1"]], [[[3.0, 0.0, 0.0], "s1"]], [[[4.0, 0.0, 0.0], "s1"]], [[[3.0, 0.0, 0.0], "s1"]], [[[2.0, 0.0, 0.0], "s1"]], [[[3.0, 0.0, 0.0], "s1"]], [[[2.0, 0.0, 0.0], "s1"]], [[[3.0, 0.0, 0.0], "s1"]], [[[4.0, 0.0, 0.0], "s1"]], [[[3.0, 0.0, 0.0], "s1"]], [[[2.0, 0.0, 0.0], "s1"]], [[[3.0, 0.0, 0.0], "s1"]], [[[4.0, 0.0, 0.0], "s1"]], [[[3.0, 0.0, 0.0], "s1"]], [[[4.0, 0.0, 0.0], "s1"]], [[[3.0, 0.0, 0.0], "s1"]], [[[4.0, 0.0, 0.0], "s1"]], [[[5.0, 0.0, 0.0], "s1"]], [[[4.0, 0.0, 0.0], "s1"]], [[[3.0, 0.0, 0.0], "s1"]], [[[2.0, 0.0, 0.0], "s1"]], [[[3.0, 0.0, 0.0], "s1"]], [[[2.0, 0.0, 0.0], "s1"]], [[[1.0, 0.0, 0.0], "s1"]], [[[2.0, 0.0, 0.0], "s1"]], [[[3.0, 0.0, 0.0], "s1"]], [[[4.0, 0.0, 0.0], "s1"]], [[[3.0, 0.0, 0.0],